,user_id,birthday,gender,auction_id,category_2,category_1,buy_mount,day,age_days
0,2757,2013-03-11,1,17429550751,50010555,50008168,1,2013-04-10,30
1,415971,2012-11-11,0,20854308837,50010548,50008168,1,2013-01-28,78
2,1372572,2012-01-30,1,16915013171,50008845,28,1,2013-03-27,422
3,10339332,2011-09-10,0,13174075495,50001732,50014815,1,2014-05-26,989
4,10642245,2013-02-13,0,14109039851,50006843,38,1,2013-06-17,124
5,10923201,2011-08-30,1,19166868327,50013636,50008168,1,2014-03-28,941
6,11768880,2012-01-07,1,19025967309,50012364,122650008,1,2013-04-11,460
7,12519465,2013-07-05,1,18981655392,50018831,50014815,1,2013-09-10,67
8,12950574,2009-07-08,0,37840677938,50012474,28,3,2014-06-10,1798
9,13735440,2012-03-23,0,18163455793,211122,38,6,2013-12-19,636
10,14510892,2014-08-12,1,35241818543,203527,28,1,2013-11-22,-263
11,14905422,2011-04-29,1,40739265133,50234023,50014815,1,2015-02-05,1378
12,15786531,2008-09-22,0,40445341453,50010557,50008168,1,2014-08-28,2166
13,16265490,2009-12-09,0,9497763160,50006602,50008168,2,2013-04-09,1217
14,17431245,2011-01-15,0,9757291856,50016116,38,1,2012-11-11,666
15,18190851,2011-01-01,0,17092246580,50014129,28,2,2013-03-31,820
16,20087991,2010-08-08,0,37848480268,50016706,50022520,1,2014-06-01,1393
17,20570454,2008-10-17,1,5764432116,211122,38,4,2012-11-24,1499
18,21137271,2011-02-04,1,17691567559,50013636,50008168,1,2012-11-22,657
19,21415917,2006-08-01,1,16866228043,50013636,50008168,2,2012-08-08,2199
20,21887268,2010-05-26,0,35498150675,50006602,50008168,2,2013-12-16,1300
21,22602471,2009-06-01,1,37335072772,50016102,28,1,2015-01-01,2040
22,23208537,2008-04-16,1,12897458131,50013636,50008168,1,2013-01-20,1740
23,23927133,2008-10-29,0,9566799856,50016243,28,1,2013-01-21,1545
24,24829944,2014-08-26,1,15098657498,50011819,50022520,2,2014-09-20,25
25,25807593,2014-11-22,1,14593091524,50026459,50022520,5,2014-07-22,-123
26,26629842,2013-11-24,0,41721177698,50010544,50008168,1,2014-12-12,383
27,27213666,2008-04-13,0,19661743129,50013207,50008168,1,2013-06-29,1903
29,31235454,2011-03-19,0,16674140540,50013207,50008168,1,2014-10-07,1298
31,33062883,2010-08-14,1,37219507191,50013207,50008168,1,2014-05-09,1364
32,34582044,2012-11-01,0,43428724709,50010538,50008168,1,2015-01-11,801
33,34911780,2010-03-02,1,16873424587,50016240,50014815,2,2012-08-13,895
34,35831517,2011-07-08,0,39512885303,50011993,28,1,2014-12-30,1271
35,37273026,2012-02-12,1,5450218363,50018854,38,6,2013-11-05,632
36,38061660,2011-12-03,1,19866862313,50010549,50008168,1,2013-11-11,709
37,40305507,2011-10-17,1,36380970504,50013636,50008168,1,2013-12-13,788
38,41643429,2014-03-22,1,12715037736,50024627,28,1,2014-10-10,202
39,42687654,2009-05-15,1,36544264727,50010538,50008168,1,2014-01-06,1697
40,43241697,2012-05-12,0,19671833975,50012367,122650008,1,2014-02-13,642
41,44716356,2013-02-11,0,36207455567,50012474,28,1,2014-04-27,440
42,46013049,2014-04-08,1,40782358000,50023792,28,1,2014-09-23,168
43,46951908,2009-12-17,1,21763132643,50023536,28,1,2014-08-29,1716
44,47742510,2014-07-27,0,13518730030,121398035,50022520,1,2014-10-19,84
45,48655521,2011-01-01,0,35017672642,50023661,28,1,2013-11-27,1061
46,49167150,2013-08-18,2,74054275,50009550,50014815,1,2013-10-31,74
47,49983255,2014-02-06,2,42802840988,50010536,50008168,1,2014-12-09,306
48,50238258,2010-12-06,1,24784096636,50018412,50014815,1,2013-05-14,890
49,51103674,2011-08-17,0,20437260826,50007140,28,1,2013-05-01,623
50,51880578,2011-01-07,0,25498040503,50023709,28,1,2013-08-07,943
51,52529655,2013-06-11,2,41700127609,50012363,122650008,1,2014-11-11,518
52,52744851,2012-08-22,1,17440629603,50010236,50014815,1,2013-04-01,222
53,53433471,2012-09-03,1,18443716949,251725,28,1,2013-06-17,287
54,54855720,2013-01-28,0,39635136808,50018436,50014815,2,2014-09-13,593
55,55875510,2012-08-03,0,37278421412,50013207,50008168,1,2014-02-21,567
56,56663970,2009-11-16,1,8007595536,50016034,28,1,2013-10-25,1439
57,57494340,2014-05-18,0,20062826101,50012456,50014815,10,2014-03-08,-71
58,57711375,2013-04-20,2,12917121510,50013175,28,1,2012-09-14,-218
59,58199199,2011-07-02,0,16436704905,211122,38,4,2012-10-16,472
60,58463787,2010-09-28,1,35348722557,203527,28,1,2013-10-26,1124
61,59069103,2006-04-13,0,10491058986,251725,28,1,2012-07-19,2289
62,59596068,2013-04-28,1,13044166016,50007011,50008168,1,2013-04-12,-16
63,60387171,2013-02-16,1,35323826536,50018831,50014815,1,2015-01-27,710
64,61079421,2013-05-01,1,18769969047,50014274,50014815,1,2013-08-03,94
65,61620681,2013-03-08,0,35055137651,50007011,50008168,1,2013-11-11,248
66,62879667,2011-12-05,0,35633055239,121394024,50008168,1,2014-12-12,1103
67,64343163,2010-01-23,1,26101924419,50012451,50008168,1,2013-07-05,1259
68,65312343,2009-06-27,1,27144848296,50012359,122650008,1,2013-11-27,1614
69,66248748,2012-09-08,0,14869136708,50012456,50014815,1,2012-07-14,-56
70,66755460,2011-03-07,1,6237968940,50010555,50008168,1,2014-03-02,1091
71,67443207,2008-01-01,0,18921322045,50012360,122650008,1,2013-08-02,2040
72,67985523,2012-07-13,0,20193534613,50014271,50014815,1,2014-01-02,538
73,69057729,2011-01-05,1,41329822560,50018831,50014815,1,2015-01-27,1483
74,69435486,2012-08-21,1,41564495005,50013636,50008168,1,2014-11-11,812
75,70069665,2010-04-15,0,15962074584,50007011,50008168,1,2012-12-12,972
76,70835010,2014-05-22,0,35202523813,50023591,50022520,1,2013-11-20,-183
77,71726532,2011-05-15,0,38898923007,121466023,50008168,1,2014-07-09,1151
78,72231900,2011-02-21,0,18192190705,251725,28,1,2014-04-26,1160
79,72746697,2014-02-22,1,37346822188,121394024,50008168,1,2014-08-17,176
80,73291425,2010-06-28,0,41088982319,50012365,122650008,1,2014-12-20,1636
81,74459175,2013-03-09,0,13155318835,50012564,50014815,5,2014-07-20,498
82,75343881,2012-02-25,0,17908085498,50013636,50008168,1,2013-04-13,413
83,75613245,2011-11-22,1,37880332798,50006602,50008168,1,2014-03-25,854
84,76580427,2012-03-07,1,25481540232,50014274,50014815,1,2013-06-07,457
85,77933013,2010-07-02,1,17958495541,50023790,28,1,2013-09-10,1166
86,78375309,2013-03-22,1,26632468078,50013636,50008168,1,2013-08-16,147
87,78962691,2013-02-18,0,37551736045,50012363,122650008,1,2014-06-04,471
88,80014536,2012-06-15,1,15046969968,50015969,50014815,1,2012-08-31,77
89,80512596,2013-02-08,0,36131873399,50012363,122650008,1,2014-02-20,377
90,81793389,2013-09-04,0,4192029603,50012396,50022520,1,2013-03-18,-170
91,82783545,2014-04-16,1,7654468248,50007011,50008168,2,2014-03-21,-26
92,83472357,2013-01-20,1,12555432766,50005982,50014815,1,2013-06-11,142
93,84835944,2011-10-08,0,9572765527,50018831,50014815,1,2012-10-08,366
94,86731623,2013-12-26,0,36255777443,50010557,50008168,1,2013-12-13,-13
95,87659835,2011-09-30,1,4600695918,50023732,28,1,2013-04-24,572
96,88290456,2009-01-18,0,17077213987,50010566,50008168,1,2013-04-23,1556
98,91177545,2010-02-03,0,38600977799,121466023,50008168,1,2014-10-29,1729
99,92116962,2012-05-26,1,14767143572,50014272,50014815,2,2012-10-10,137
100,93332442,2011-11-02,0,37317558555,50013207,50008168,1,2014-03-19,868
101,94472106,2009-11-05,0,20550040389,50013711,50008168,1,2012-12-24,1145
102,95428725,2012-03-31,0,25921288431,251725,28,1,2014-09-09,892
103,96476817,2012-08-13,0,16782984369,50010555,50008168,1,2013-02-17,188
104,97489185,2014-04-29,1,16568126633,50012245,50014815,3,2013-12-05,-145
105,98246781,2012-06-18,1,42687826427,50010544,50008168,1,2015-01-16,942
106,99665637,2013-09-26,2,40902072385,50006602,50008168,1,2014-12-05,435
108,105361095,2013-01-16,1,17973523949,50018831,50014815,1,2013-01-28,12
109,106828323,2014-02-01,0,19622521690,50012835,50014815,1,2014-06-15,134
111,111621945,2013-08-09,1,37405203875,50010558,50008168,1,2014-04-09,243
112,113243127,2011-02-26,0,19048924386,50024235,28,1,2013-06-05,830
113,114558810,2008-09-14,0,12254334853,50010236,50014815,1,2014-05-08,2062
114,115930791,2013-05-19,0,16001019378,50006602,50008168,1,2013-05-11,-8
115,116466705,2013-01-01,0,16949927732,50010549,50008168,1,2013-11-11,314
116,116466705,2013-01-01,0,37893437620,50010558,50008168,1,2014-03-29,452
117,118300134,2011-05-03,0,23594708318,50013636,50008168,1,2013-05-04,732
118,119784861,2012-03-27,0,20796936076,50140021,50008168,1,2012-11-29,247
119,123044613,2011-12-10,1,7686784451,50013076,28,1,2012-09-11,276
120,124527924,2011-09-30,1,9590124906,50013711,50008168,1,2012-10-18,384
121,126581934,2011-05-19,0,17509603102,50010544,50008168,1,2012-12-08,569
122,127931487,2012-07-03,0,16522031119,50013711,50008168,1,2012-08-03,31
123,130211481,2008-12-09,0,38840988377,121466023,50008168,2,2014-07-03,2032
124,131021484,2009-10-08,0,15647837835,50006602,50008168,1,2012-09-10,1068
125,132357204,2011-11-25,1,3331637994,50012777,50014815,1,2013-09-07,652
126,133595268,2011-09-19,1,22373364858,50023790,28,1,2013-04-27,586
127,136997100,2013-01-13,1,35447551022,50013636,50008168,1,2013-11-11,302
128,138180945,2008-09-28,0,18706404728,50014863,50014815,5,2014-05-15,2055
129,139924698,2012-01-17,1,37310042870,50012361,122650008,1,2014-05-26,860
130,141595593,2008-12-22,0,16902388198,50016243,28,1,2014-04-25,1950
131,143220732,2008-12-16,1,36614249895,50010542,50008168,1,2014-10-10,2124
133,151742451,2014-01-21,2,40040237715,50012838,50014815,1,2014-09-20,242
134,154930665,2011-02-18,0,27262968502,50006602,50008168,1,2013-10-09,964
135,155969997,2012-05-05,0,16983951706,50012451,50008168,1,2012-09-24,142
136,159129426,2010-08-25,0,15198386301,50013711,50008168,2,2012-08-08,714
137,163555902,2009-05-02,1,18350255057,50010544,50008168,1,2013-01-03,1342
138,166937481,2013-06-20,1,18246384723,50012244,50014815,1,2014-01-04,198
139,172453374,2013-02-06,1,17551736567,50013175,28,1,2013-04-05,58
141,180473754,2013-05-22,0,42171808031,121452026,28,1,2015-01-07,595
142,186418698,2012-01-18,1,9921844112,50001748,50014815,1,2014-03-24,796
143,188799366,2011-11-30,1,23990428301,50012451,50008168,1,2014-03-19,840
144,191156136,2013-04-15,0,22333639799,50012373,50022520,1,2013-10-16,184
145,196293483,2010-01-17,1,18654493396,50023670,28,1,2013-09-04,1326
146,197066280,2008-05-10,0,14829521668,50015841,28,2,2012-11-25,1660
147,198339735,2011-01-28,0,36717475719,50015146,28,1,2014-06-28,1247
148,199354107,2010-03-10,1,40204309209,50013207,50008168,1,2014-09-09,1644
149,201402855,2008-12-18,0,16743740350,50156020,50008168,1,2014-03-25,1923
150,211057395,2008-03-11,0,17690851568,50010557,50008168,1,2012-12-22,1747
151,219658557,2013-02-20,1,19143365121,50010536,50008168,1,2013-09-04,196
152,224653845,2011-11-14,1,21199179062,50012451,50008168,1,2013-09-22,678
153,229407174,2008-12-23,0,16630334492,50011993,28,1,2013-09-10,1722
154,235795692,2013-04-25,0,36648339381,50008875,28,1,2014-05-17,387
155,241837911,2012-12-25,0,20248930866,50011993,28,1,2013-10-20,299
156,250900287,2013-07-08,1,22915764719,50018202,38,6,2014-04-26,292
157,255635397,2013-06-07,1,21825255344,50018831,50014815,1,2014-10-18,498
158,260087412,2013-03-09,0,37438845897,50018831,50014815,1,2014-04-11,398
159,264579453,2014-05-12,0,14016642158,121540027,28,2,2014-11-26,198
161,272757969,2011-02-24,0,43352070226,50010544,50008168,1,2015-01-21,1427
162,275261625,2010-05-25,0,23062392785,50010558,50008168,1,2013-06-10,1112
163,276219687,2013-05-29,1,15654707348,50012564,50014815,1,2013-03-12,-78
164,277629531,2013-08-30,2,36579750374,50012437,50014815,15,2014-08-25,360
165,279722190,2009-03-18,0,15971432984,50012361,122650008,1,2014-02-25,1805
166,286307391,2011-10-09,0,12277146635,50004457,50014815,1,2012-11-25,413
167,292966044,2010-09-16,1,16981151324,50010549,50008168,1,2012-11-11,787
168,300931383,2013-12-19,0,37653352823,50010558,50008168,1,2014-03-26,97
169,305489040,2013-08-11,1,41627297374,50013636,50008168,1,2014-10-13,428
170,316263477,2011-07-17,1,20742820532,211122,38,1,2012-11-11,483
171,322204938,2013-06-26,0,17807792203,50023591,50022520,1,2013-02-09,-137
172,325759617,2010-08-12,1,18770494335,50023651,28,1,2014-03-14,1310
173,326454822,2009-04-03,1,37065186859,50012359,122650008,1,2014-03-11,1803
174,332182758,2012-07-14,1,14281728685,50006032,50022520,1,2012-12-21,160
175,338734269,2013-09-26,1,38898356938,50023663,28,1,2014-08-22,330
176,343603914,2013-02-25,1,13045695341,50015582,50022520,1,2013-02-17,-8
177,348109281,2010-02-08,1,13374569905,50013636,50008168,1,2012-12-06,1032
178,352463907,2011-04-02,0,38798532956,50012364,122650008,1,2014-05-18,1142
179,354804408,2013-03-27,0,3621425317,211122,38,4,2014-01-08,287
180,357851268,2012-06-21,1,22174892020,50023670,28,1,2013-08-02,407
181,359890617,2014-03-24,0,18621789997,50014828,50022520,1,2014-03-11,-13
182,360647838,2014-01-20,0,38913401898,50010555,50008168,1,2014-06-15,146
183,363164958,2014-12-29,0,16201007960,50228021,50014815,1,2014-12-13,-16
184,367595379,2010-09-23,1,24285048902,50012451,50008168,1,2014-02-27,1253
185,371646807,2014-09-15,1,40340954604,50010555,50008168,1,2014-12-27,103
186,373726419,2013-08-28,0,24033632962,50008727,50014815,1,2013-08-02,-26
187,378028878,2012-02-08,0,19285625410,50146022,50008168,1,2013-12-07,668
188,379910739,2011-02-26,0,12881672070,50012451,50008168,2,2012-09-04,556
189,384841734,2012-08-30,1,36809658862,50018436,50014815,1,2014-03-15,562
190,387079260,2013-10-18,1,20993659220,50012564,50014815,4,2014-05-02,196
191,389377821,2014-05-20,0,40477412693,50010555,50008168,1,2014-09-02,105
192,393226650,2013-04-25,1,14271509472,50014260,28,1,2012-09-27,-210
193,396311979,2011-09-26,1,38600911631,50013636,50008168,1,2014-05-20,967
194,403609077,2011-08-02,0,14566715416,50014129,28,1,2012-11-24,480
195,405674478,2012-10-28,1,26910624143,50013636,50008168,1,2013-09-07,314
196,408325776,2014-05-05,0,36329990892,50007011,50008168,1,2014-06-16,42
197,410161398,2007-05-06,1,21644451280,50010558,50008168,1,2013-08-09,2287
198,412025994,2013-04-02,1,37347696228,50023670,28,1,2014-06-21,445
199,414338337,2015-01-23,1,16510937165,50015727,50014815,1,2014-11-23,-61
200,419554296,2012-07-09,1,37829194505,50024153,28,1,2014-12-31,905
201,422641140,2012-08-20,1,16012394220,50007140,28,1,2012-09-27,38
202,426768576,2013-04-01,1,13569192180,121540027,28,1,2014-03-26,359
203,438010029,2012-08-07,1,23648236275,50012364,122650008,1,2013-05-04,270
204,442973445,2013-05-20,1,8949249584,50023663,28,1,2013-11-13,177
205,451100817,2011-07-24,1,12351340442,50012360,122650008,1,2012-09-01,405
206,460971987,2011-10-01,0,10082122933,50013881,28,1,2012-07-05,278
207,474782625,2014-07-15,1,12898343737,50013175,28,1,2014-10-09,86
208,478118517,2013-11-03,0,38737713594,50146022,50008168,1,2014-05-23,201
209,486503874,2012-09-10,1,16025509834,211122,38,1,2013-07-20,313
210,502828062,2011-10-17,1,9869585664,50012360,122650008,1,2013-10-05,719
211,515908401,2011-07-14,0,40106626875,50013207,50008168,1,2014-08-08,1121
212,528643545,2012-12-04,0,14497047720,50018854,38,1,2013-07-04,212
213,550066806,2013-11-01,1,16726290116,50006602,50008168,1,2014-01-03,63
214,573822792,2014-12-26,0,37065042003,50010236,50014815,1,2014-11-11,-45
215,581726208,2015-08-15,1,35529901024,50001732,50014815,1,2014-11-02,-286
216,592767759,2014-08-24,1,37471458146,121470030,50014815,1,2014-07-28,-27
217,602646492,2013-07-12,1,41909727679,50009550,50014815,1,2014-12-12,518
218,606024981,2014-03-26,0,21594983443,50013636,50008168,1,2013-10-09,-168
219,620090085,2014-09-08,1,35560674162,50016706,50022520,1,2014-04-10,-151
220,628378860,2012-08-16,0,16236503292,50013636,50008168,1,2014-09-25,770
221,633734925,2012-03-24,0,35723840617,50010236,50014815,1,2014-01-17,664
222,645596397,2013-02-20,0,20115324762,50010549,50008168,1,2012-11-30,-82
223,648024036,2011-07-30,1,38493052092,50023670,28,4,2014-12-12,1231
224,648783804,2007-06-09,0,35109818370,50006602,50008168,1,2013-10-15,2320
225,652992315,2008-12-31,0,38307835540,50010544,50008168,1,2014-11-11,2141
226,656871588,2011-09-05,1,14269854834,50006843,38,2,2012-08-26,356
227,660371928,2013-03-05,1,18402451663,50018436,50014815,1,2013-09-01,180
228,665216877,2014-02-26,0,41725198233,121450022,50008168,1,2014-12-04,281
229,669342381,2013-10-18,1,20398471742,50012474,28,1,2014-02-08,113
230,672591831,2014-08-07,1,37402797191,50013207,50008168,1,2014-02-26,-162
231,674462565,2013-10-28,1,24138424646,50012378,50022520,1,2013-05-09,-172
232,676404930,2014-12-15,1,19859302033,50013207,50008168,1,2014-03-08,-282
233,679878153,2013-09-27,0,17187307783,50013636,50008168,1,2014-08-06,313
234,682888656,2015-04-06,1,36846269941,50012462,50014815,1,2015-01-16,-80
235,686047242,2010-03-04,0,36781757986,50012361,122650008,2,2014-09-15,1656
236,690267186,2014-01-04,2,10633931857,50018831,50014815,3,2013-10-06,-90
237,693449541,2007-01-13,1,35676960895,50010544,50008168,1,2013-11-11,2494
240,707774847,2011-03-31,0,35505954971,121472022,50008168,1,2014-12-30,1370
241,712034589,2011-01-06,0,40105767828,50010542,50008168,1,2014-08-25,1327
242,714919791,2012-03-16,1,12605082527,50228021,50014815,1,2013-01-11,301
243,717297456,2013-06-12,1,18852684292,50008727,50014815,1,2013-10-18,128
244,718935048,2012-10-28,0,39660631632,50006100,28,1,2014-08-31,672
245,723397857,2011-09-17,0,16718273674,50012359,122650008,1,2014-10-08,1117
246,726334191,2010-02-25,1,18989305426,121472022,50008168,1,2014-12-26,1765
247,728180676,2010-12-12,0,39589756565,121408024,50008168,1,2014-11-26,1445
248,730302768,2011-03-30,1,14663445988,50006095,28,1,2012-09-23,543
249,732541962,2012-12-28,1,26523564056,50008875,28,1,2013-08-17,232
250,734958687,2012-09-16,1,17733994279,50012451,50008168,1,2013-11-11,421
251,737930496,2014-05-15,1,40405521372,50012431,50014815,1,2014-08-29,106
252,741473940,2014-07-23,1,20611304288,50016706,50022520,1,2014-07-18,-5
253,743631006,2013-02-24,1,13841405997,50007011,50008168,1,2013-03-28,32
254,746338356,2013-08-06,1,22783804746,50010236,50014815,1,2013-08-31,25
255,750833184,2010-11-04,0,37665648092,50010557,50008168,1,2014-04-23,1266
256,753852498,2013-10-11,0,26301384761,50012451,50008168,1,2013-10-09,-2
257,756621534,2014-10-16,1,40519345896,121394024,50008168,1,2014-12-03,48
258,758277216,2014-10-26,0,20740212544,50016706,50022520,1,2014-03-24,-216
259,761265678,2013-09-27,1,17004072939,50016704,50022520,1,2015-01-23,483
260,764418129,2012-10-12,1,17355245633,50012451,50008168,1,2013-03-23,162
261,766386444,2014-01-15,0,19978814543,50013176,28,1,2014-08-12,209
262,771232308,2010-04-15,0,27226684376,50010558,50008168,1,2013-09-26,1260
263,775276242,2011-02-01,0,37469217502,50012364,122650008,1,2014-04-16,1170
264,779336988,2010-03-10,1,19058008657,50012451,50008168,1,2012-09-07,912
265,785311611,2012-10-03,0,42426146535,50011993,28,1,2015-01-20,839
266,787693926,2008-12-26,1,16224279134,50013207,50008168,1,2013-03-31,1556
267,793020597,2012-04-27,0,20239214726,50013636,50008168,1,2013-12-04,586
268,798742650,2013-11-04,1,41758037377,50013636,50008168,1,2014-10-23,353
269,805018083,2012-10-06,1,16242741819,50013636,50008168,1,2014-01-08,459
270,809862801,2014-01-21,1,36251688391,50012475,28,1,2014-02-16,26
271,816959238,2012-06-21,0,22706648500,50018854,38,1,2013-05-04,317
272,824413527,2013-12-01,0,37679509075,50018436,50014815,1,2014-04-07,127
273,827639760,2014-01-01,0,19538803966,50012375,50022520,1,2013-06-17,-198
274,829440261,2013-12-18,0,41878489605,50018831,50014815,2,2014-12-02,349
275,838135776,2013-02-06,0,13419573116,50001732,50014815,1,2013-02-25,19
276,844344519,2012-02-10,1,16984049478,121540027,28,1,2014-10-23,986
277,848302497,2014-02-18,1,42258876583,50013636,50008168,1,2014-12-12,297
278,849430227,2014-06-19,0,22604419844,50006602,50008168,2,2013-12-11,-190
279,859624068,2011-08-24,1,15421138219,50013207,50008168,1,2012-09-24,397
280,870668820,2014-02-11,1,9390785457,50006520,50014815,6,2014-11-25,287
281,874621830,2010-12-20,1,26692404101,50012359,122650008,1,2013-11-25,1071
282,883158198,2013-06-10,1,22487867606,50010542,50008168,1,2013-10-09,121
284,902549448,2013-06-15,2,43321064835,50023668,28,1,2015-01-14,578
285,914074800,2014-02-19,2,12846555012,50013187,28,1,2014-07-01,132
286,925964568,2009-03-30,1,37303254540,121424027,50008168,1,2014-05-19,1876
287,1017818160,2011-10-20,0,9305940795,50013881,28,5,2013-11-30,772
288,1033466085,2012-04-11,0,19526078410,50012364,122650008,1,2013-10-04,541
289,1040350341,2014-06-28,0,19644870678,50023591,50022520,1,2014-02-24,-124
290,1045319175,2011-02-09,1,41777738478,50010544,50008168,1,2014-10-29,1358
291,1049355963,2012-07-02,0,3846280641,50012366,122650008,1,2012-12-12,163
292,1055336274,2012-04-29,1,23259420393,50013636,50008168,1,2013-04-25,361
293,1060518588,2013-08-15,2,38695879533,50023789,28,1,2014-07-21,340
294,1075810191,2014-07-18,1,36581146577,50002682,50022520,1,2014-02-23,-145
295,1083497049,2014-08-15,0,16934951160,50026467,50022520,1,2014-03-13,-155
296,1089343761,2013-12-05,0,41449997544,50013636,50008168,1,2014-10-09,308
297,1100388114,2014-10-11,0,35479583288,50018831,50014815,1,2014-01-08,-276
298,1113460719,2013-05-04,0,12821052238,50014744,50014815,2,2013-04-17,-17
299,1125759387,2014-08-11,1,37203897505,50008856,28,1,2014-04-07,-126
300,1132472679,2014-10-30,0,35324195853,50018831,50014815,1,2015-01-31,93
301,1593516816,2009-06-18,1,25170396249,50023660,28,1,2013-05-25,1437
302,1635059595,2007-09-19,1,20012148622,50013636,50008168,1,2014-04-17,2402
303,1643805171,2014-05-09,1,37802896330,121394024,50008168,1,2014-09-01,115
304,1658032434,2012-10-22,1,26426216668,50009547,50014815,1,2014-01-10,445
305,1672630998,2014-03-02,1,36962807964,50006602,50008168,3,2014-03-25,23
306,1692582408,2012-07-12,0,41266340079,50010558,50008168,1,2014-12-13,884
307,1706543412,2011-01-05,1,15719276440,50012451,50008168,2,2013-06-05,882
308,1730315664,2012-06-29,0,13155318835,50012564,50014815,5,2015-02-05,951
309,1766969850,2013-06-13,0,41161458583,50013636,50008168,1,2014-09-21,465
311,1817973372,2012-02-23,1,15283087345,50016454,28,1,2014-08-03,892
312,1834895775,2009-05-15,0,43246645145,50010544,50008168,1,2015-01-02,2058
313,1858557399,2014-11-15,1,15918599107,50026465,50022520,1,2014-03-18,-242
314,1911445233,2012-04-30,1,38373903143,50013711,50008168,2,2014-04-19,719
315,1944471144,2013-08-19,1,37068018309,50018820,38,1,2014-05-07,261
316,1990421511,2014-10-21,0,15445549112,50016704,50022520,1,2014-07-01,-112
317,2062636887,2015-03-15,1,35188277593,50023591,50022520,1,2014-12-12,-93
318,2118737046,2014-04-11,1,42036193982,50018831,50014815,1,2014-11-28,231
319,2230873305,2012-02-01,0,36078196999,50009540,50014815,1,2014-11-05,1008
320,2298687186,2012-10-09,1,42483180297,50013636,50008168,1,2015-01-28,841
321,330830,2009-10-07,0,37313685773,50006602,50008168,6,2014-11-05,1855
322,645557,2012-02-07,0,18250831986,50018615,38,1,2012-12-13,310
323,1567601,2012-07-07,0,12465395269,50016704,50022520,1,2012-07-18,11
324,10502300,2012-05-04,0,13447157946,50010555,50008168,1,2012-12-04,214
325,11461439,2013-03-07,1,9479844425,50012464,50014815,1,2013-01-12,-54
326,12155387,2009-08-05,1,17990671329,50023646,28,1,2013-09-08,1495
327,12576056,2011-06-11,0,17676479598,50146022,50008168,1,2012-12-19,557
328,13101455,2011-08-19,0,13887162135,50012423,28,1,2012-08-29,376
329,13802003,2011-10-22,1,26680928161,121408024,50008168,2,2014-09-12,1056
330,14342858,2011-02-07,0,17894670737,50023598,28,1,2014-11-05,1367
331,14785577,2008-08-20,0,19390785189,50011993,28,1,2013-09-11,1848
332,16031078,2012-03-25,0,14738743406,50010555,50008168,1,2014-11-23,973
333,16992440,2012-05-16,0,36645240582,50012474,28,3,2014-02-24,649
334,17830874,2013-09-27,2,20447923345,50014271,50014815,1,2014-01-15,110
335,21185033,2006-04-07,1,15851569810,50010558,50008168,1,2012-11-05,2404
337,22775189,2012-04-19,0,23946808667,50018824,38,1,2014-03-03,683
338,23256752,2012-07-12,1,19386943590,121398041,28,1,2014-05-13,670
339,23779676,2010-01-09,1,35815090306,50012451,50008168,1,2013-11-11,1402
340,24466085,2011-09-03,0,13006065985,50012428,28,1,2013-04-27,602
341,25176194,2014-09-13,1,18407251501,50016704,50022520,1,2014-06-09,-96
342,26184254,2012-12-21,0,7161010744,50010558,50008168,1,2014-03-17,451
343,27488537,2009-06-16,0,40537997104,50013207,50008168,1,2014-08-11,1882
344,31036295,2012-02-05,1,35401823936,50006602,50008168,1,2013-10-17,620
346,33702305,2013-03-18,0,40517200867,50018831,50014815,2,2014-11-03,595
347,34296803,2009-04-14,0,2871416722,50008875,28,1,2013-09-24,1624
348,35497496,2009-10-20,1,37251899549,50023536,28,1,2014-04-09,1632
350,37050995,2012-10-22,0,21297820700,50009542,50014815,1,2013-04-29,189
351,37613228,2012-03-21,0,22205176670,50018831,50014815,1,2013-10-12,570
352,38060393,2011-08-01,1,14027224169,50018436,50014815,1,2012-07-07,341
353,39712478,2013-02-12,0,18404124822,50026467,50022520,2,2012-09-17,-148
354,40183850,2012-06-11,1,20975155801,50018614,38,5,2013-11-08,515
356,42558014,2010-07-04,0,22369788243,50010558,50008168,1,2013-03-21,991
357,44253932,2010-01-13,1,19862187842,121404037,28,1,2014-05-29,1597
358,45661628,2013-10-15,1,14022380103,121456023,50014815,1,2014-10-08,358
359,46577846,2012-05-18,0,15739450160,50006602,50008168,1,2012-09-13,118
360,47342027,2010-10-08,1,14066344263,50013636,50008168,1,2012-09-11,704
361,47737028,2012-03-20,1,24624676830,50012471,50014815,2,2014-10-25,949
362,48419732,2010-04-09,0,4956964934,50018412,50014815,2,2013-05-17,1134
363,48922355,2011-07-15,0,18668522144,50013711,50008168,1,2013-07-06,722
364,49561550,2013-06-04,1,627441547,50012798,50014815,1,2013-02-28,-96
365,50168231,2009-04-28,0,35640867251,50015146,28,1,2013-11-21,1668
366,51150884,2008-11-29,1,41074778874,50007011,50008168,1,2014-09-12,2113
367,51598634,2011-06-12,0,12758074281,50013177,28,1,2013-03-07,634
368,52404311,2010-09-24,1,13061238376,50013636,50008168,1,2014-12-15,1543
369,52971251,2013-06-17,0,14733059304,50012449,50008168,1,2014-02-26,254
370,53538638,2013-11-06,1,39574997596,121408024,50008168,1,2014-09-09,307
371,54451652,2010-06-02,0,19556758674,50006602,50008168,1,2014-12-30,1672
372,54925736,2013-04-28,0,12310877181,50006602,50008168,1,2013-10-19,174
373,55867871,2012-06-23,1,38258666401,50010558,50008168,1,2014-04-30,676
374,56736746,2012-11-05,1,13725195879,50008817,28,10,2013-01-05,61
375,57970535,2013-01-14,1,40454371694,50013636,50008168,1,2014-10-04,628
376,58244867,2010-10-15,1,15407281853,50012451,50008168,1,2012-10-29,745
377,58666247,2014-03-07,0,20434808888,50012387,50022520,1,2013-10-23,-135
378,59441576,2010-02-23,1,17923074128,50012364,122650008,1,2013-04-26,1158
379,60290489,2009-11-01,0,40710151232,50023670,28,1,2014-12-19,1874
380,61127135,2012-03-17,1,18444305120,50008875,28,1,2013-05-23,432
381,61526102,2011-05-23,0,41324909102,50012365,122650008,1,2015-01-30,1348
382,62380766,2012-03-13,1,14836460759,50014129,28,1,2012-12-05,267
383,62789705,2013-11-11,0,18471814723,50010236,50014815,1,2014-03-08,117
384,63437351,2012-10-15,0,15357925576,50006028,50022520,1,2012-08-17,-59
385,63741599,2011-03-24,0,7964426157,50018858,38,1,2012-08-16,511
386,65079983,2013-08-04,1,39395316554,50012564,50014815,1,2014-06-10,310
387,65651861,2011-11-24,1,21971788076,50010558,50008168,1,2013-03-15,477
388,66569606,2012-01-23,1,13668555620,50006602,50008168,1,2014-12-12,1054
389,67170281,2012-06-12,1,13973014432,50013711,50008168,1,2012-09-19,99
390,67555313,2007-06-01,0,16150518596,50013636,50008168,1,2012-11-06,1985
391,68067107,2012-11-14,1,25909536641,50018820,38,1,2013-09-14,304
392,69203525,2010-01-23,1,35212424255,50013636,50008168,1,2013-12-12,1419
393,69841787,2014-07-25,0,38264188766,50018860,28,1,2014-04-08,-108
394,71850476,2012-05-13,1,18905956218,50014275,50014815,1,2013-01-27,259
395,72088976,2014-11-06,1,35141794469,50016704,50022520,1,2014-12-12,36
396,72875105,2012-08-02,0,14151218336,50009549,50014815,1,2012-09-17,46
397,73973378,2012-04-04,0,26396504540,50013078,28,1,2014-01-21,657
398,75104744,2014-03-15,1,15809019524,121394024,50008168,1,2014-05-13,59
399,76076096,2014-04-28,1,19139083728,50016704,50022520,1,2014-01-10,-108
400,77723093,2013-12-21,0,41830139440,50013207,50008168,1,2014-11-10,324
401,78613406,2007-11-04,1,17198495783,50012365,122650008,1,2012-12-16,1869
402,79823567,2014-04-09,1,17328354137,50023591,50022520,1,2013-11-11,-149
403,81094748,2009-03-23,0,24396708468,50012364,122650008,1,2014-07-10,1935
404,82248938,2014-12-30,0,41229697286,121462023,50008168,1,2015-01-21,22
405,83744798,2012-08-05,1,15727837800,50013187,28,1,2013-02-26,205
406,84725909,2009-09-18,0,9140692042,50013199,28,1,2013-01-16,1216
407,85189793,2009-03-13,1,21168240511,50013207,50008168,1,2012-11-28,1356
409,88830644,2014-03-25,1,37935777608,50013636,50008168,1,2014-06-26,93
410,89800466,2011-03-31,0,8835103504,50023661,28,1,2012-08-28,516
411,91156811,2012-05-25,0,16420656795,50156020,50008168,1,2013-08-02,434
412,92192666,2011-09-22,0,16130303961,50013078,28,1,2012-12-13,448
413,93083084,2013-12-11,0,18645721965,50013715,50014815,1,2015-01-06,391
414,94577459,2012-07-06,0,12881851566,50023790,28,10,2013-09-14,435
415,95849627,2006-12-23,0,18777262460,50009542,50014815,1,2013-08-06,2418
416,98425070,2014-01-27,1,40430138951,50007011,50008168,1,2014-12-12,319
417,101415002,2012-03-15,0,17624741051,50006602,50008168,1,2014-02-08,695
418,104211743,2013-02-19,0,36115296871,50018824,38,2,2013-12-04,288
419,108083003,2014-12-06,1,37933952657,211122,38,1,2014-11-26,-10
420,110798294,2012-09-23,0,20393276096,50013187,28,1,2013-04-21,210
421,112842020,2010-11-25,0,40114158465,50006097,28,1,2014-09-10,1385
422,113554421,2010-09-09,0,18263602472,50018831,50014815,12,2013-05-14,978
423,115248467,2013-04-18,1,7581710464,50012436,50014815,1,2013-04-13,-5
424,116573081,2012-11-13,0,22230172158,50008860,28,1,2013-04-22,160
425,119127104,2011-08-20,1,20999672795,50006602,50008168,1,2012-11-14,452
426,121722809,2014-06-01,1,15071189647,50006843,38,2,2015-01-04,217
427,124333754,2014-03-23,1,4347434860,50018824,38,1,2014-10-21,212
428,125703503,2012-07-25,0,36220244871,50007014,50008168,1,2014-10-28,825
429,127104347,2012-04-24,0,19331177776,50016454,28,1,2014-02-11,658
430,129162752,2010-11-13,0,12757496000,50010566,50008168,1,2013-05-22,921
431,130263794,2010-04-29,0,21934484610,50010536,50008168,1,2013-02-23,1031
432,131325713,2011-04-29,0,23943612874,50013636,50008168,1,2013-04-16,718
433,132383393,2015-03-15,0,35463214346,50010410,50022520,1,2014-11-11,-124
434,133647926,2013-09-25,1,10864011676,50011847,50022520,1,2013-10-03,8
435,135519929,2012-02-26,1,25760364628,50013207,50008168,1,2014-03-28,761
436,136451900,2012-10-18,0,18106855904,50132021,50008168,1,2013-09-21,338
437,137364326,2010-11-12,0,41879958756,50013636,50008168,1,2014-11-19,1468
438,138121253,2011-03-03,1,15385184597,251725,28,1,2013-08-26,907
440,140860418,2013-12-02,0,24679988724,50012431,50014815,1,2014-11-02,335
441,142427984,2011-07-21,0,37967196751,50013207,50008168,1,2014-04-23,1007
442,143808779,2010-10-01,1,38080383704,251725,28,1,2014-09-08,1438
443,150096824,2014-09-28,0,37821813629,50013207,50008168,1,2014-04-24,-157
444,150330797,2012-04-04,0,13130520515,50012431,50014815,1,2013-08-25,508
445,150795260,2012-11-21,1,36706144350,50013207,50008168,1,2014-02-18,454
446,154492646,2011-11-13,1,25458044289,50012449,50008168,1,2013-06-06,571
447,155835737,2014-06-15,1,40249904427,50012431,50014815,1,2014-09-27,104
448,157720562,2014-08-31,0,22257223300,50009547,50014815,1,2015-01-24,146
449,159041066,2012-07-23,1,35536936961,50018831,50014815,2,2013-11-11,476
450,160688669,2011-09-15,1,20803560636,50007012,50008168,1,2012-12-29,471
451,163954748,2013-06-16,0,41204572991,50012365,122650008,1,2014-10-18,489
452,167910527,2012-11-21,0,16440368756,50010555,50008168,1,2013-03-12,111
453,171219494,2013-11-09,0,13398440711,50009540,50014815,1,2013-09-15,-55
454,175524797,2009-05-16,0,36260979423,50023531,28,1,2014-02-24,1745
455,180332213,2009-12-03,0,38758204657,50007011,50008168,1,2014-07-25,1695
456,183827816,2011-04-30,0,5700732011,50014250,28,3,2013-01-07,618
457,186849644,2010-11-15,1,16011345799,50012365,122650008,1,2013-11-14,1095
458,188600174,2014-01-21,1,41460345919,50016704,50022520,1,2015-01-19,363
459,191039747,2014-07-09,0,7984139502,50008859,28,1,2014-12-31,175
460,195018770,2014-11-09,0,37548598470,50023664,50022520,1,2014-07-28,-104
461,198772898,2014-11-15,0,40590019735,121382051,50014815,1,2014-09-09,-67
462,200491949,2013-11-06,1,8680970096,50016704,50022520,1,2013-07-15,-114
463,210263456,2012-09-07,0,41464527333,50010544,50008168,1,2014-12-05,819
466,220079966,2010-08-08,0,36169271442,50011993,28,1,2013-11-22,1202
467,224292962,2012-12-13,1,18387768742,50228021,50014815,3,2015-01-20,768
468,229463294,2013-07-07,0,15226482483,50018831,50014815,1,2014-08-12,401
469,243205895,2014-07-02,0,13462585454,50026461,50022520,1,2014-03-08,-116
470,249709718,2013-11-20,1,20135536355,50023632,50022520,1,2013-07-02,-141
471,259538915,2012-04-23,0,19545202238,50018825,38,40,2014-02-18,666
472,264008927,2012-03-25,0,36480276601,50010557,50008168,1,2014-12-12,992
473,266966105,2008-10-13,1,16438641476,50012451,50008168,1,2013-10-09,1822
474,269267507,2012-11-20,1,15263653132,50013207,50008168,1,2013-02-16,88
475,274379633,2014-06-27,1,41639051049,50013881,28,1,2015-01-18,205
476,276246305,2010-10-10,0,14511867259,50006602,50008168,1,2012-09-07,698
477,277357538,2012-06-16,0,19637551680,50014129,28,1,2013-07-05,384
478,279787751,2013-09-14,1,37469126057,50023715,28,1,2014-03-20,187
479,282788237,2010-12-06,1,19023455943,50006030,50022520,1,2013-05-13,889
480,287230352,2009-03-16,1,36551323123,50023670,28,1,2014-02-11,1793
481,290360210,2013-10-29,0,13716364917,50015727,50014815,1,2013-12-12,44
482,294750833,2013-07-30,1,38832277434,50005979,50022520,1,2014-11-11,469
483,299196791,2014-03-31,0,38217159047,50013187,28,26,2014-05-21,51
484,306716492,2015-03-01,1,41171540130,50012432,50014815,1,2015-01-12,-48
485,321506990,2013-02-13,0,27619548992,50018831,50014815,1,2014-04-02,413
486,324693962,2014-02-19,0,19416126848,50023457,28,1,2014-08-21,183
487,338773232,2012-08-07,1,12726865474,50012485,50014815,1,2012-07-22,-16
488,347068613,2014-11-20,0,39875144532,121406040,50022520,1,2014-10-02,-49
489,350099492,2008-06-22,0,37022012656,50008875,28,1,2014-07-11,2210
490,352890947,2010-12-01,0,12581814608,50012451,50008168,1,2013-11-16,1081
491,356049284,2009-07-15,0,9875230962,50008875,28,1,2014-05-06,1756
492,358097309,2013-09-15,1,35594492739,50007140,28,1,2015-01-21,493
494,363147332,2009-01-29,1,41773696267,50010542,50008168,1,2014-11-02,2103
496,369616040,2014-10-05,0,37089344763,50023732,28,1,2014-08-21,-45
497,370606430,2013-06-04,0,37994392815,121408024,50008168,2,2014-06-22,383
498,373105196,2014-01-03,1,35127116589,50006820,28,1,2014-12-21,352
500,377473718,2011-12-26,1,37907720818,121452056,50008168,1,2014-07-18,935
501,378871709,2012-02-23,1,43400739385,50012359,122650008,1,2015-02-01,1074
502,381275366,2013-07-09,0,35049183686,50014744,50014815,1,2013-11-11,125
504,388415192,2009-09-18,1,8484189532,50016037,28,1,2012-11-21,1160
505,392508254,2009-08-09,0,27175560420,50010536,50008168,1,2013-08-27,1479
506,394567091,2008-10-16,0,13742083558,50013636,50008168,1,2012-10-31,1476
507,398312015,2014-06-23,1,19641593301,50013176,28,1,2014-08-05,43
508,404254046,2009-01-11,0,37521619252,50010566,50008168,1,2014-03-24,1898
509,406935827,2013-12-30,1,35146292682,50013175,28,1,2014-03-24,84
511,411194666,2014-07-17,0,6892952614,50012245,50014815,4,2014-06-05,-42
512,414883979,2008-03-27,0,18476245692,50012442,50008168,1,2013-06-14,1905
513,418692116,2014-06-02,1,4550443229,50012456,50014815,1,2014-02-21,-101
514,425087423,2011-11-23,1,16986642032,50012442,50008168,1,2014-07-21,971
515,437556506,2011-09-28,0,35158409536,50013636,50008168,1,2013-12-26,820
516,441486929,2012-11-28,1,40049728542,50012359,122650008,1,2014-09-17,658
517,447609368,2011-11-15,1,16086781316,50010557,50008168,1,2012-11-11,362
518,466369304,2013-08-02,1,16589171765,50026474,50022520,1,2013-04-23,-101
519,476002223,2012-08-17,0,13405998671,50018831,50014815,1,2013-04-03,229
521,504804896,2010-02-20,0,36740523560,50012361,122650008,1,2014-11-18,1732
522,506946641,2013-04-18,0,41475051106,50013636,50008168,1,2014-10-06,536
523,511889597,2011-11-06,1,20026407554,50013207,50008168,1,2013-07-05,607
524,525892484,2013-06-19,1,38613126621,121462075,50008168,1,2014-05-14,329
526,552289829,2008-12-23,0,20724224674,211122,38,9,2013-03-03,1531
527,571159301,2011-07-20,1,40021926193,50014278,50014815,1,2014-08-22,1129
528,593517038,2012-06-26,1,16377441164,50010555,50008168,1,2013-01-30,218
529,603123248,2013-11-21,0,39784731013,50018831,50014815,1,2014-07-16,237
530,606918860,2012-06-27,0,10837123744,50018855,38,1,2013-06-23,361
531,614946692,2014-06-11,1,41106352035,50010555,50008168,1,2014-09-11,92
532,631917779,2012-10-23,1,20812756384,50018821,38,3,2013-07-23,273
533,642755513,2013-10-26,0,25469708168,50007011,50008168,1,2014-03-20,145
534,644854097,2014-03-18,0,35461440284,50018831,50014815,1,2014-06-17,91
535,646222766,2010-02-28,0,15745598713,50013636,50008168,1,2013-04-01,1128
536,648241169,2013-10-05,0,13586455878,50018436,50014815,1,2014-09-15,345
537,650723936,2014-10-06,0,38200162608,50012564,50014815,5,2014-08-14,-53
538,653290859,2007-08-20,1,15201138534,50010558,50008168,1,2012-09-14,1852
539,659749250,2012-10-15,0,12929573479,50006843,38,1,2013-08-15,304
540,664236959,2012-07-26,0,16563307133,121454045,38,3,2014-10-07,803
541,667774265,2013-10-10,0,39859536457,50012363,122650008,1,2014-12-11,427
542,672265151,2012-11-28,0,5587503865,50006602,50008168,1,2013-03-10,102
543,674451014,2011-01-15,0,15172512114,50014250,28,2,2014-01-10,1091
544,675728690,2010-11-15,0,17410028431,50008728,50014815,1,2014-02-09,1182
545,678827114,2013-01-19,0,18882600035,50012730,50014815,2,2012-11-03,-77
546,685332320,2012-02-23,0,12781785338,50018831,50014815,2,2013-06-01,464
547,689783888,2014-03-04,0,4534860816,50023722,28,1,2015-01-09,311
548,692815952,2013-07-14,1,41054973614,50012359,122650008,1,2014-09-20,433
549,697241495,2010-05-17,0,15838328461,50012359,122650008,1,2013-04-11,1060
550,702647816,2014-03-22,1,37368848270,50008845,28,1,2015-01-04,288
551,706851515,2007-08-17,0,20291388724,50010557,50008168,1,2012-10-31,1902
552,711496874,2011-10-25,0,15079145376,50016704,50022520,1,2014-03-26,883
553,718858754,2011-10-15,1,24395160617,50013636,50008168,1,2013-05-13,576
554,722440556,2014-10-03,1,43511676953,50013207,50008168,1,2015-01-20,109
555,723449270,2010-10-03,0,15455377491,50011993,28,1,2014-06-02,1338
556,726045779,2012-09-04,0,20083542325,50013636,50008168,1,2013-10-05,396
557,728844788,2014-05-27,0,16908779573,121394024,50008168,1,2014-10-15,141
558,733070564,2014-12-17,1,42557673678,50010549,50008168,1,2015-01-17,31
559,738243947,2014-05-22,1,37128706257,50012549,50014815,1,2014-04-20,-32
560,743394056,2010-11-25,0,40228281930,50012431,50014815,1,2014-10-29,1434
561,745559711,2013-02-17,1,17980610442,50006602,50008168,1,2013-08-29,193
562,748181531,2014-07-22,1,17123541393,50016706,50022520,1,2014-04-29,-84
563,751654337,2008-09-27,1,13224096340,50013636,50008168,1,2013-03-22,1637
564,757254614,2009-05-28,0,35900705534,50013711,50008168,1,2013-12-20,1667
565,759253421,2014-02-27,0,35139641534,121394024,50008168,1,2014-07-13,136
566,760737575,2015-03-06,1,43059024152,50013636,50008168,1,2015-01-21,-44
567,763368008,2014-08-30,1,14210690076,50012564,50014815,1,2014-05-26,-96
568,767800373,2012-06-08,0,40346552484,50010557,50008168,1,2014-09-15,829
569,771449207,2014-06-22,0,20922028936,50005982,50014815,1,2014-12-08,169
570,775425752,2014-08-30,1,37667489990,50013187,28,1,2014-05-26,-96
571,779743331,2013-09-12,1,36418774349,50012363,122650008,1,2014-10-21,404
572,783771062,2012-10-05,0,18753199528,50012485,50014815,1,2014-04-11,553
573,786904109,2013-04-22,1,19541112501,50006602,50008168,1,2013-01-21,-91
574,789872417,2009-08-05,0,41358926135,50010544,50008168,1,2015-01-06,1980
575,795355691,2011-07-09,0,19227493922,50010236,50014815,1,2014-07-19,1106
576,797916383,2013-04-18,0,16261260713,50013636,50008168,5,2012-07-02,-290
577,800173649,2013-07-20,0,38011223484,50013711,50008168,1,2014-04-29,283
578,807555311,2014-02-13,1,40558883295,50010555,50008168,1,2014-11-11,271
579,810566789,2014-03-18,1,4063063501,50011993,28,1,2013-08-08,-222
580,812347802,2013-03-19,0,25308408488,50018436,50014815,1,2013-11-18,244
581,816914951,2014-09-28,0,18803570968,121382040,28,1,2014-12-12,75
582,818864954,2014-07-13,1,38028790160,50006602,50008168,4,2014-07-22,9
583,824754611,2012-11-08,0,16740240802,50023591,50022520,1,2012-09-16,-53
584,829213583,2013-11-10,0,20326213051,50013636,50008168,1,2014-12-22,407
585,834999974,2014-11-30,1,18723486529,50018202,38,1,2014-11-11,-19
586,841216238,2013-05-05,0,39168664475,50018831,50014815,1,2014-10-20,533
587,849873788,2014-05-19,0,22306427962,50015399,50014815,1,2014-03-24,-56
588,854553317,2014-01-19,0,41158352472,50015727,50014815,1,2015-02-01,378
589,864297971,2013-03-09,0,15679625429,50010557,50008168,1,2014-07-03,481
591,877873688,2013-06-10,0,20119951378,50156020,50008168,1,2013-06-06,-4
592,882909923,2012-05-16,1,36344284817,50010558,50008168,1,2014-01-04,598
593,889878950,2013-09-01,0,41352889142,50010558,50008168,1,2014-10-14,408
594,894103508,2014-10-21,0,21891635252,121364031,50014815,1,2014-09-28,-23
595,898630655,2012-11-02,1,38066384082,50010558,50008168,9,2014-06-06,581
596,910140800,2013-03-02,0,9921993020,50010555,50008168,1,2013-09-09,191
597,918918455,2008-10-22,0,16294746265,50012379,50022520,1,2013-03-02,1592
598,929425316,2011-09-12,0,39639604734,121426038,50014815,1,2015-01-26,1232
599,1020368066,2010-06-01,1,41101540039,50010536,50008168,4,2014-10-04,1586
600,1023634940,2011-12-28,0,16297650924,50146022,50008168,1,2013-03-04,432
601,1033551143,2013-08-12,0,36881265150,50146022,50008168,1,2014-03-30,230
602,1040314082,2012-04-22,1,35408076111,50012365,122650008,1,2013-12-25,612
603,1045498739,2013-09-26,1,37062248680,50012363,122650008,1,2014-03-25,180
604,1050126413,2014-05-18,0,37983949722,50018831,50014815,1,2014-11-11,177
605,1055473418,2010-11-03,1,20945084205,50013636,50008168,2,2012-12-01,759
606,1062425612,2012-09-02,0,14402922681,50014129,28,1,2012-11-18,77
607,1069860359,2013-05-08,0,35373986189,50005982,50014815,1,2014-01-01,238
608,1076986436,2012-03-20,0,15117929670,50013636,50008168,1,2013-05-29,435
610,1091263211,2013-04-13,0,16409261679,50012363,122650008,1,2013-12-12,243
611,1108310267,2013-10-02,1,21302907272,50015913,28,1,2014-02-10,131
612,1124076737,2012-10-13,0,14835220006,50013711,50008168,1,2013-03-16,154
613,1134007073,2013-12-31,2,38861930269,50008705,28,1,2014-11-11,315
614,1589292035,2011-06-05,1,19745033946,50010544,50008168,1,2014-01-08,948
615,1630379975,2014-04-02,0,35548389067,50023612,50022520,1,2013-11-16,-137
616,1641457379,2013-12-26,1,18721720021,50018831,50014815,1,2014-09-30,278
617,1656319652,2015-01-08,1,38249174431,50010558,50008168,1,2014-04-16,-267
618,1671080225,2014-03-09,0,18695694565,50010555,50008168,1,2014-04-28,50
619,1684502624,2011-05-25,1,43540340971,50006235,50008168,1,2015-01-15,1331
620,1709476961,2013-01-06,0,40799817988,121450022,50008168,1,2014-11-28,691
621,1743387086,2012-10-13,0,43539568980,50010538,50008168,1,2015-01-31,840
622,1771335722,2012-08-08,1,37777584394,50012367,122650008,1,2014-03-21,590
623,1793514014,2013-06-25,0,37361737960,50013207,50008168,1,2014-07-11,381
624,1822398971,2013-05-08,0,41617854706,211122,38,1,2014-10-22,532
625,1844317769,2014-06-26,0,2755199070,121434042,50014815,1,2014-11-25,152
626,1850552006,2014-01-25,1,22455807963,50006602,50008168,2,2014-01-06,-19
627,1869728066,2013-07-21,1,17629298588,50006099,50014815,1,2014-05-30,313
628,1887892514,2009-12-10,0,35459913094,50023670,28,1,2013-11-11,1432
629,1924473311,2014-04-16,0,20803900387,50006032,50022520,1,2014-08-15,121
630,1942584506,2014-04-05,1,39661606531,121394024,50008168,1,2014-10-27,205
631,1978481429,2013-08-29,1,37359277254,121434042,50014815,1,2014-07-04,309
632,2020687907,2012-07-04,0,36738468079,50003700,28,1,2014-05-13,678
633,2067426839,2015-03-01,1,39215703623,50023591,50022520,1,2014-09-16,-166
634,2104818212,2014-03-27,0,40553447811,121540027,28,1,2014-11-11,229
635,2176939646,2014-01-10,1,37616480055,50012458,50014815,1,2014-11-11,305
636,2214580556,2012-12-01,1,40062433875,50010558,50008168,1,2014-09-28,666
637,2262837380,2011-09-14,0,42999336100,50010549,50008168,1,2015-01-06,1210
638,2391404843,2014-09-16,1,40200591008,50010555,50008168,1,2015-01-10,116
639,243385,2011-07-10,0,22131823066,50012442,50008168,1,2013-09-02,785
640,929851,2011-04-03,0,15450068504,50018615,38,7,2012-08-28,513
641,10405255,2012-02-14,0,10775413892,50228021,50014815,1,2014-12-24,1044
642,11503702,2012-08-26,1,19837354550,50018825,38,1,2013-08-26,365
643,12631429,2013-04-08,1,7668402786,50012471,50014815,1,2014-07-07,455
644,13503298,2012-09-28,0,19381961259,50023886,50008168,1,2013-08-01,307
645,13848376,2014-08-21,1,40827442866,50013636,50008168,1,2014-11-11,82
646,14304064,2010-06-01,1,15929031075,50012361,122650008,1,2012-10-19,871
647,15108904,2012-12-14,1,36234619723,50006602,50008168,1,2014-11-13,699
648,16033918,2013-10-24,2,17523149759,50008895,28,1,2014-07-16,265
649,17289460,2010-12-11,1,17210154076,50012361,122650008,1,2013-03-07,817
650,18382012,2009-05-30,1,27095116998,50002524,28,1,2013-12-31,1676
651,20451388,2012-01-29,1,17358761118,211122,38,1,2013-03-21,417
652,20995405,2011-11-14,0,36818435772,50013636,50008168,1,2014-07-31,990
653,21647086,2009-03-14,0,13688663523,50013207,50008168,1,2012-10-27,1323
654,21838963,2014-03-10,0,16364059790,121470030,50014815,5,2014-06-24,106
655,22733878,2009-01-16,1,27158088929,50023591,50022520,1,2013-12-23,1802
656,23086954,2011-10-08,0,3219122303,50014273,50014815,1,2013-01-25,475
657,24079156,2010-12-31,1,36661272201,50013636,50008168,1,2014-03-18,1173
659,26188351,2010-03-29,0,15604654059,50013636,50008168,1,2012-08-12,867
660,27595882,2010-03-29,1,9209901980,50013711,50008168,1,2013-05-21,1149
662,31465015,2012-06-01,1,15284214987,50006823,28,1,2013-12-02,549
663,32418211,2009-09-29,1,15660287003,50023663,28,1,2012-11-26,1154
664,32950783,2013-10-25,0,18536773341,50232021,50014815,1,2013-11-08,14
665,33580636,2011-01-02,0,18099804498,50011993,28,1,2013-07-31,941
666,35009662,2012-11-24,1,19029831028,50010555,50008168,1,2013-05-08,165
667,35832151,2009-04-01,1,19178578964,50012451,50008168,1,2014-02-28,1794
668,36789289,2013-06-11,0,17884536890,50016704,50022520,1,2013-12-30,202
669,38130097,2014-01-27,1,23232564633,50011819,50022520,1,2013-12-23,-35
670,39645715,2013-01-22,1,23645720507,50023663,28,1,2013-10-26,277
671,40216027,2011-01-24,0,13777585537,50008895,28,1,2013-10-13,993
672,42092374,2015-01-17,1,6979189785,50011993,28,3,2014-06-24,-207
673,43270534,2014-04-10,1,17064575657,50012442,50008168,1,2014-11-27,231
674,44732791,2011-08-28,0,16292306416,50010544,50008168,1,2014-01-14,870
675,45002392,2013-12-12,2,37521844078,50018820,38,1,2014-06-21,191
676,45797590,2013-08-18,1,23887464870,50006033,50022520,1,2013-07-30,-19
677,46239667,2011-09-16,1,14174510205,50018821,38,1,2014-10-14,1124
678,47138383,2010-12-21,0,13272130226,50018831,50014815,2,2013-02-18,790
679,47836546,2012-09-01,0,17877876267,50010565,50008168,2,2013-11-12,437
680,48621253,2013-01-25,1,18752150065,50013207,50008168,1,2013-06-12,138
681,49008121,2011-03-10,0,41884632444,50013636,50008168,1,2014-12-11,1372
683,49997797,2009-08-16,1,14757094773,50011993,28,1,2013-12-15,1582
684,50839954,2011-08-11,0,19707779331,211122,38,6,2013-10-27,808
685,51587524,2009-02-02,1,22752544214,50010558,50008168,1,2013-04-13,1531
687,53224585,2011-06-03,0,25781688035,50009542,50014815,1,2013-06-21,749
688,53917099,2011-09-21,0,35857424331,50012451,50008168,1,2013-11-13,784
689,54366478,2010-12-10,1,25194340028,50023531,28,1,2015-01-23,1505
690,55069180,2014-08-07,0,38554350650,50012363,122650008,1,2015-01-27,173
691,55522687,2013-12-15,1,8159654162,50012456,50014815,1,2014-04-29,135
692,56340436,2008-01-06,1,15578534539,50023640,28,1,2013-01-23,1844
693,56819773,2008-08-12,1,19254982267,50010558,50008168,1,2013-09-05,1850
694,57613642,2013-07-20,0,25157808743,50006820,28,2,2014-06-24,339
695,58386865,2013-03-19,1,39897792904,50012464,50014815,1,2015-01-30,682
696,58846126,2014-05-25,0,35162436883,50010555,50008168,1,2014-08-14,81
697,59265016,2013-02-15,1,22117023208,50018831,50014815,6,2013-12-26,314
698,60392074,2013-03-21,1,41822227906,121452056,50008168,1,2014-11-08,597
699,61588159,2013-08-13,0,9680854286,211122,38,2,2014-08-02,354
700,62395309,2011-12-12,1,35832748656,50010536,50008168,1,2013-11-13,702
701,63157165,2011-08-09,1,37655675532,50012451,50008168,1,2014-04-01,966
702,64093162,2010-08-16,1,43674029889,50010545,50008168,1,2015-01-29,1627
703,64581913,2013-08-27,2,16630020831,50006602,50008168,1,2014-06-17,294
704,65935243,2006-06-16,1,16626561512,50013874,28,1,2013-04-24,2504
706,67828543,2012-12-27,1,14922603690,121448025,50008168,1,2014-09-16,628
707,69106930,2010-06-01,0,14652034564,50013711,50008168,1,2012-07-16,776
708,69889555,2010-11-11,0,13023273876,50023591,50022520,1,2012-11-30,750
709,69889555,2010-11-11,0,25137540538,50006602,50008168,1,2014-05-24,1290
710,70231555,2012-02-23,0,14518073759,50018704,50014815,1,2012-07-24,152
711,71241931,2011-08-31,1,25928316853,50015146,28,1,2014-06-09,1013
712,72341311,2014-04-06,0,18004159980,121394024,50008168,1,2014-11-09,217
713,72555454,2012-03-02,1,12759153835,50009544,50014815,1,2013-01-07,311
714,73927336,2011-10-15,1,38023071537,50010536,50008168,1,2014-04-06,904
715,75200815,2013-11-14,0,18064299870,50018831,50014815,1,2014-09-13,303
716,75758080,2012-03-02,0,5470994165,121408024,50008168,1,2014-08-29,910
717,76472818,2012-04-25,1,40392733996,121424027,50008168,1,2014-09-24,882
718,77164222,2015-01-29,1,21559175634,50009547,50014815,1,2014-12-11,-49
719,78135508,2011-11-05,1,40701170667,50013636,50008168,1,2014-11-11,1102
721,80273467,2015-01-25,2,39230402076,50018831,50014815,1,2014-11-11,-75
722,82413736,2011-09-20,0,19047913391,50023661,28,1,2014-07-27,1041
723,83359531,2011-02-05,1,25168468921,50009540,50014815,1,2013-07-26,902
724,83942488,2010-06-21,1,36873348815,50012431,50014815,1,2014-01-14,1303
725,84547855,2007-08-08,0,17551664840,50013711,50008168,1,2012-11-13,1924
726,84890647,2013-02-28,1,35673538787,50010558,50008168,1,2014-03-16,381
728,85942387,2012-12-26,0,16020062354,50010566,50008168,1,2013-07-27,213
729,86828233,2008-01-21,0,19444551906,121364022,50008168,1,2014-05-31,2322
730,87526273,2010-11-01,0,19733405881,50013636,50008168,1,2013-11-26,1121
731,88718614,2009-10-10,1,10028025233,50013207,50008168,1,2013-02-27,1236
732,89781118,2013-01-12,1,12745894835,50007011,50008168,1,2014-11-14,671
733,90961714,2012-02-10,0,21415840626,50013711,50008168,1,2013-01-09,334
734,92590396,2012-07-17,1,21167235111,50013207,50008168,1,2013-07-06,354
735,95793571,2013-10-10,0,18163269573,50012378,50022520,1,2013-08-13,-58
736,97496056,2011-11-17,0,27398884617,50012451,50008168,1,2013-11-07,721
738,101254996,2013-07-17,2,17987826016,50023670,28,1,2014-08-02,381
739,102571912,2010-11-16,0,14243394387,50006602,50008168,1,2012-08-02,625
740,106735420,2013-07-09,1,19899285873,50018831,50014815,1,2013-10-10,93
741,107865814,2012-06-20,1,8178914719,50023777,28,1,2014-05-29,708
742,108344071,2010-07-04,1,7803405251,50006602,50008168,1,2013-08-12,1135
743,109907629,2010-02-18,1,6009465208,50014250,28,1,2013-02-17,1095
744,111794341,2010-09-02,1,19678488904,50010557,50008168,1,2013-01-23,874
745,112175464,2014-01-01,0,39475654625,50008845,28,1,2014-07-29,209
746,113093326,2012-11-26,1,16192594477,50006094,28,1,2013-05-27,182
747,115378612,2014-04-12,2,22437991041,50006602,50008168,1,2014-02-07,-64
748,117002455,2011-04-25,0,20262893195,50013711,50008168,1,2014-03-27,1067
749,118942006,2012-09-29,1,19583152851,50023663,28,1,2014-12-26,818
750,120971704,2011-06-24,0,38539512251,50013636,50008168,1,2014-04-18,1029
751,124613323,2011-04-20,1,15186722756,50006095,28,1,2012-07-02,439
752,125840215,2011-05-02,0,19829152567,50003700,28,1,2013-11-02,915
753,127451512,2012-12-12,0,36512326995,50013207,50008168,1,2013-12-17,370
754,128693368,2010-07-20,0,16317457631,50006602,50008168,1,2013-07-20,1096
755,129972565,2011-01-22,0,20758892871,50011993,28,1,2012-12-20,698
756,131802832,2012-04-05,1,37536988312,50013207,50008168,1,2014-09-20,898
757,133546192,2013-07-07,2,36493816594,50013200,28,1,2014-03-17,253
758,134536342,2012-05-21,0,18519472878,50018831,50014815,1,2012-09-12,114
759,136517419,2012-07-12,1,4869579038,50012777,50014815,1,2014-06-17,705
760,138548893,2014-06-27,0,37661147464,50013875,50014815,1,2014-08-24,58
761,139491685,2012-05-03,1,35103787688,50023722,28,1,2013-10-31,546
762,141263038,2011-11-28,1,38705572016,121472021,50008168,1,2014-05-10,894
763,141999400,2012-08-17,1,16683723491,50023514,28,1,2013-12-28,498
764,144253378,2013-10-21,2,38888510070,50008807,28,2,2014-06-13,235
765,152076304,2008-08-19,0,14665138835,50016243,28,1,2013-02-17,1643
766,153843973,2008-02-24,1,24461432324,50023670,28,1,2013-12-18,2124
767,156156175,2013-08-24,2,18749520701,50009540,50014815,1,2013-05-28,-88
768,156942952,2013-12-27,0,37715622717,121414042,50022520,1,2014-06-14,169
769,161512438,2013-03-04,0,36797644528,50012564,50014815,1,2014-04-09,401
770,165283246,2013-11-04,1,40132178686,50013636,50008168,1,2015-01-13,435
771,168252385,2013-01-27,1,36374695899,50007011,50008168,1,2014-01-21,359
773,173329093,2013-06-15,0,35673961051,50013711,50008168,2,2014-04-09,298
774,178032355,2013-05-10,1,17887907923,50011993,28,13,2013-01-21,-109
775,183137017,2007-11-05,0,25548712116,50024842,50008168,2,2013-12-12,2229
776,185178295,2014-08-13,1,40129281930,50003700,28,1,2014-08-19,6
777,188785717,2011-06-17,0,27189944241,50013636,50008168,1,2013-10-23,859
778,191994688,2013-03-19,1,18824675650,50012788,28,1,2014-07-15,483
779,195510961,2012-01-16,1,41079030632,121394024,50008168,1,2014-10-29,1017
780,197411149,2010-04-29,0,41152012097,121452056,50008168,1,2014-11-12,1658
781,198627397,2013-06-17,2,14637244461,50012807,50014815,1,2013-06-26,9
782,200849884,2006-01-13,1,17009939906,50012451,50008168,1,2012-11-12,2495
783,204505282,2010-10-06,0,17968651336,50146022,50008168,1,2012-12-11,797
784,207508450,2012-02-20,1,16520257539,211122,38,1,2013-01-03,318
785,217491793,2013-02-10,0,40733937812,50023777,28,1,2014-11-11,639
787,240345601,2013-04-13,1,23220500950,50010555,50008168,1,2013-07-09,87
788,248962105,2013-07-26,0,36448316530,50013636,50008168,1,2014-05-21,299
789,253581310,2014-04-11,0,20005753685,50011993,28,1,2014-05-18,37
790,257521582,2014-05-05,1,17363277712,50006023,50022520,1,2014-03-07,-59
791,260092225,2011-10-05,1,20816740935,50010538,50008168,1,2014-01-14,832
792,262823764,2012-09-13,1,19850745502,50008895,28,1,2014-04-17,581
793,264839494,2007-07-29,0,12633743728,50013207,50008168,1,2013-09-07,2232
794,270377458,2012-04-02,0,7279461500,50010566,50008168,1,2012-09-13,164
795,274099870,2014-08-31,0,36271556114,50012564,50014815,1,2014-08-09,-22
796,275987542,2014-01-03,1,41284638240,50013187,28,1,2015-01-19,381
797,276632530,2012-07-16,1,39142982662,50006028,50022520,1,2014-12-15,882
798,279185110,2007-08-16,1,26285792643,50012361,122650008,1,2013-08-21,2197
799,280347691,2013-04-06,0,14459780250,50016704,50022520,1,2013-06-15,70
800,283250293,2013-06-13,1,20261713153,50006602,50008168,1,2013-10-07,116
801,290538796,2011-05-20,1,40879182928,50132021,50008168,1,2014-10-20,1249
802,293128525,2013-03-06,1,17378981300,50012777,50014815,1,2013-03-07,1
803,296255521,2012-09-15,0,35594754309,50012365,122650008,2,2014-01-12,484
804,300031861,2014-01-05,0,15556186232,50023632,50022520,1,2014-02-18,44
805,306544399,2012-11-04,1,14952161226,50006032,50022520,10,2012-10-07,-28
806,310635877,2013-03-21,0,41262741580,50010566,50008168,1,2014-10-12,570
807,321329368,2007-04-28,0,16663600865,50013207,50008168,1,2012-08-25,1946
808,325249615,2011-01-03,0,18350150733,50016706,50022520,1,2013-09-27,998
809,330386953,2011-02-10,0,19737728033,50006042,50014815,1,2012-10-05,603
810,339355276,2013-08-31,1,24197216809,50010558,50008168,1,2014-05-25,267
811,345134125,2013-01-18,0,15428632230,50006602,50008168,4,2012-10-31,-79
812,346883797,2012-03-28,0,5774771230,50006521,50014815,10,2013-01-11,289
813,350100046,2011-05-09,0,37866294912,121466023,50008168,1,2015-01-19,1351
814,353221225,2011-08-13,0,36095707144,50012365,122650008,1,2013-12-12,852
815,355762297,2009-09-23,0,14854905804,50023790,28,3,2013-09-22,1460
816,359840716,2009-01-20,0,17513925908,50013207,50008168,1,2013-03-18,1518
818,366240547,2009-11-06,0,10380868910,50006521,50014815,3,2013-07-19,1351
819,369840982,2013-03-09,1,24537752535,50018436,50014815,1,2013-08-02,146
820,371636266,2013-12-04,0,40175617683,50006602,50008168,1,2014-09-24,294
821,376464964,2014-08-24,0,37010642083,50018831,50014815,1,2015-01-30,159
822,377550424,2011-06-20,1,15771663914,50015841,28,1,2012-11-23,522
823,381387022,2013-04-01,1,19046999290,50006041,50014815,1,2014-03-04,337
824,383735470,2011-08-19,0,20266883067,50009540,50014815,1,2014-08-09,1086
825,385231417,2011-11-22,1,35252562356,50012367,122650008,1,2013-11-18,727
826,389326420,2013-07-17,0,17164967407,50006820,28,1,2014-09-16,426
827,393380275,2010-02-09,0,25185692215,50006602,50008168,1,2014-07-29,1631
828,397468855,2014-08-04,1,17829565913,50016704,50022520,1,2014-06-24,-41
829,401026519,2011-03-20,0,20175111454,50015841,28,1,2013-06-04,807
830,403168768,2013-12-17,0,38978433711,50018831,50014815,1,2014-07-19,214
831,406365709,2013-06-08,0,25411420301,50006602,50008168,1,2014-05-30,356
832,410823343,2011-03-26,1,10682626256,50009541,50014815,1,2012-11-07,592
833,411347539,2012-09-04,1,14601864164,50014277,50014815,1,2013-01-02,120
834,416284711,2013-03-24,0,18527612360,50012449,50008168,1,2013-07-23,121
835,423008263,2012-08-12,1,17767144594,50005971,50014815,5,2012-07-17,-26
836,430319227,2011-06-15,0,9807202789,50013874,28,1,2012-08-24,436
837,441460285,2013-10-23,1,16470498466,50026456,50022520,1,2013-11-11,19
838,444309931,2010-08-10,0,16025522463,50012365,122650008,1,2013-08-30,1116
839,445949008,2014-10-09,1,36155077547,50012363,122650008,1,2014-08-02,-68
840,460727512,2009-07-22,0,26209400280,50018831,50014815,3,2013-12-22,1614
841,468484747,2011-05-31,1,14659086347,50010558,50008168,1,2013-05-20,720
842,479631961,2011-07-25,0,19452723965,50012375,50022520,1,2013-04-30,645
843,488469409,2014-08-09,1,22458135479,50012432,50014815,1,2014-09-04,26
844,504846829,2013-10-24,1,43161044611,50012564,50014815,5,2015-01-19,452
845,509990590,2014-04-04,1,14995199480,50012548,50014815,1,2014-06-02,59
846,513441334,2011-01-05,1,19909384116,50010557,50008168,1,2012-12-12,707
847,517793335,2011-07-10,1,16719576868,50006843,38,2,2012-07-10,366
848,530044678,2008-01-01,0,14682882892,50013711,50008168,1,2013-04-17,1933
849,549274183,2012-09-28,0,37038024448,50018831,50014815,1,2014-12-09,802
850,559247716,2012-10-20,1,4101836471,50012777,50014815,1,2013-03-13,144
851,576767101,2013-06-01,1,37755146599,50010558,50008168,1,2014-04-05,308
852,593315800,2012-09-23,1,35591558752,50010566,50008168,1,2013-11-11,414
853,604714141,2014-08-05,1,74056119,50012485,50014815,1,2014-06-08,-58
854,609791410,2014-02-20,1,13447157946,50010555,50008168,1,2014-03-27,35
855,628367479,2012-01-26,1,38794320798,50013177,28,1,2014-11-06,1015
856,638926978,2015-01-08,1,18864429485,122474019,50022520,1,2014-09-24,-106
857,643563115,2011-08-08,1,40568847479,50010549,50008168,1,2014-12-12,1222
858,647746339,2013-02-07,1,39486145157,50012474,28,1,2014-11-12,643
859,649346959,2013-04-27,0,19337772250,50014268,50014815,1,2013-04-17,-10
860,651493549,2011-11-08,1,36506672264,50023692,28,1,2014-02-21,836
861,655834471,2012-04-03,0,18860456727,50006843,38,1,2012-10-14,194
862,658919521,2013-10-14,0,16394503918,50012245,50014815,1,2014-04-05,173
863,664444918,2011-09-27,1,40719234627,50010558,50008168,1,2014-09-20,1089
864,669302326,2010-04-06,0,8945822711,211122,38,6,2013-05-26,1146
865,672166297,2013-10-24,1,15781119704,50012360,122650008,1,2013-12-03,40
866,674478679,2014-02-01,1,40624526192,50009540,50014815,1,2014-12-14,316
867,675579268,2013-09-16,0,41428238718,50011993,28,1,2015-01-18,489
868,678340978,2014-08-25,1,21169723076,121406040,50022520,1,2014-05-30,-87
869,682354444,2014-06-05,1,22424383310,50018831,50014815,1,2014-12-01,179
870,685810741,2013-03-22,1,35778363795,50016704,50022520,1,2014-01-11,295
871,687066529,2011-05-11,1,38674183111,50013636,50008168,1,2014-06-16,1132
872,688809898,2012-08-04,0,22210716281,50023531,28,1,2013-04-10,249
873,691470382,2013-04-07,0,19422455983,50010558,50008168,1,2013-06-02,56
874,694874554,2012-11-22,0,10074559658,50006097,28,1,2015-02-04,804
875,697526248,2015-01-15,1,10223139731,50012436,50014815,1,2014-11-30,-46
877,703730908,2010-05-02,0,15453877039,50012451,50008168,1,2012-08-20,841
878,705498556,2012-10-04,0,3595424276,50016704,50022520,1,2012-11-11,38
879,709021222,2012-11-01,1,41601299670,50010566,50008168,1,2014-12-10,769
880,711528325,2010-11-14,1,15799901720,50012451,50008168,1,2014-02-28,1202
881,713724745,2010-04-24,0,17534699048,50010557,50008168,1,2013-01-02,984
882,721803445,2008-08-08,0,27541700398,50013636,50008168,1,2013-12-30,1970
883,725520721,2011-12-08,1,22101231843,50024787,50008168,1,2013-10-21,683
884,729828346,2013-01-07,1,8680970096,50016704,50022520,1,2013-01-29,22
885,735319921,2012-10-01,1,16851632381,50015841,28,1,2013-03-10,160
886,740015689,2013-09-26,0,26605352858,50010558,50008168,1,2013-10-02,6
887,746105695,2013-06-27,1,35032052704,50010544,50008168,1,2014-12-06,527
888,750087385,2015-02-15,0,37879266975,50010555,50008168,2,2014-08-13,-186
889,752822677,2013-02-26,1,24555520405,50013187,28,2,2014-01-23,331
890,755743741,2014-07-17,0,35015569650,50018831,50014815,1,2014-11-10,116
891,761730076,2008-02-09,0,27216992100,50024842,50008168,4,2013-09-17,2047
893,771784864,2012-08-24,0,16243586211,50012363,122650008,1,2012-11-13,81
894,775584118,2012-10-23,0,2254371483,50018820,38,1,2013-08-16,297
895,779107498,2009-09-28,0,10804672538,251725,28,1,2013-07-05,1376
896,783992038,2008-07-23,1,15974069820,50012442,50008168,1,2013-02-01,1654
897,785043910,2013-05-30,0,39602511660,121364022,50008168,2,2014-10-03,491
898,790148926,2014-08-27,1,40018409687,50018436,50014815,1,2014-11-24,89
899,794000662,2014-09-03,0,38335797322,50007011,50008168,1,2014-04-16,-140
900,799287214,2012-08-13,0,24289020782,50014274,50014815,1,2013-06-25,316
901,809244853,2015-05-02,0,6979189785,50011993,28,1,2014-12-20,-133
902,814243609,2013-01-10,1,7942419411,50009540,50014815,1,2012-12-20,-21
903,818761936,2013-12-05,1,14211333226,50012363,122650008,1,2013-10-29,-37
904,821089219,2014-06-15,0,12611605545,50006032,50022520,1,2014-04-10,-66
905,826835722,2014-07-02,0,24111248561,50013207,50008168,1,2013-09-06,-299
906,834678463,2014-06-10,1,15062218359,50015579,50022520,1,2014-04-19,-52
907,838547338,2012-12-18,0,24881140136,50010558,50008168,1,2013-06-07,171
908,842436337,2011-10-16,1,19152924798,50013636,50008168,1,2013-10-15,730
909,854053048,2011-05-24,1,35774477574,50010549,50008168,1,2013-11-11,902
910,857559826,2013-10-13,0,15239002450,50006099,50014815,1,2014-06-07,237
911,867476098,2013-08-06,0,18721720021,50018831,50014815,3,2014-09-23,413
912,870525985,2014-09-03,0,37163034185,50018831,50014815,1,2014-10-05,32
913,877518892,2014-03-04,1,36499367185,50012475,28,1,2014-05-14,71
914,883771195,2012-07-11,1,3720949076,211122,38,2,2013-08-20,405
915,891736786,2012-06-28,1,37968733758,50013207,50008168,1,2014-08-03,766
916,904942807,2010-11-05,0,41366623825,50013636,50008168,1,2014-11-03,1459
917,917524288,2011-06-24,0,10303049467,50012456,50014815,30,2013-05-03,679
918,921137911,2014-07-14,1,14081707736,50014278,50014815,1,2014-07-14,0
919,924007702,2009-12-24,0,14569480798,50013636,50008168,2,2013-03-24,1186
920,930683689,2013-10-13,2,14308010723,50012245,50014815,1,2013-08-31,-43
921,1017989581,2014-08-04,1,35886834108,50006235,50008168,1,2014-12-01,119
922,1027969540,2013-02-28,0,37554024452,50012442,50008168,1,2014-03-26,391
923,1038480421,2013-02-08,1,21592283484,50012485,50014815,1,2013-09-01,205
924,1041892321,2012-08-01,0,8365793861,211122,38,2,2013-09-17,412
925,1052158519,2012-03-29,0,25605368474,50023637,28,1,2014-01-14,656
926,1063363684,2014-11-14,0,36319082960,121402021,50008168,1,2014-10-10,-35
927,1070284684,2011-12-29,0,26778408178,50013207,50008168,1,2013-09-27,638
928,1081311286,2013-10-31,0,41329247014,50013636,50008168,1,2014-11-03,368
929,1087643545,2013-06-29,1,17761773755,50026494,50022520,1,2013-07-14,15
930,1094274418,2013-08-03,0,42132824541,121394024,50008168,1,2014-12-14,498
931,1103802043,2013-03-01,1,37076000628,50023514,28,1,2014-04-24,419
932,1133628211,2012-09-03,0,35522172934,50013636,50008168,1,2014-02-18,533
933,1577585731,2013-03-21,0,19799317492,50010558,50008168,1,2014-01-06,291
934,1609674769,2014-07-03,2,22603379802,50012245,50014815,2,2014-09-01,60
935,1635254677,2013-01-23,1,35016114923,50008856,28,1,2014-03-23,424
936,1649930323,2010-10-04,0,36491323240,50006602,50008168,1,2014-07-29,1394
937,1671493753,2014-12-22,1,14147330386,50023591,50022520,1,2014-05-09,-227
938,1683328510,2013-08-17,1,38275805698,121394024,50008168,1,2014-07-11,328
939,1702276954,2013-08-21,1,15453768437,50004457,50014815,2,2013-11-18,89
940,1711109878,2012-08-23,0,22996052320,50013636,50008168,1,2015-01-15,875
941,1720825303,2014-07-21,0,37286151338,50006030,50022520,1,2014-04-25,-87
942,1754594929,2014-08-26,0,13592670420,50018438,50014815,1,2014-09-20,25
943,1812586633,2015-03-09,0,22143527373,121398035,50022520,1,2014-10-12,-148
944,1830529477,2013-06-17,0,24198240503,121540027,28,1,2014-08-02,411
945,1836568285,2011-11-23,0,41204717346,50010566,50008168,1,2014-10-19,1061
946,1862594497,2010-01-05,0,17150876686,50023670,28,1,2013-12-18,1443
947,1890948217,2013-09-17,0,40622218547,121394024,50008168,1,2014-09-18,366
948,1921509424,2013-05-31,1,38404276502,50012449,50008168,1,2014-04-24,328
950,1993235563,2014-07-09,1,37328906275,50012379,50022520,1,2014-03-17,-114
951,2020957900,2014-04-30,0,16310626305,121406041,50014815,2,2014-08-29,121
952,2080304899,2010-07-13,0,18692478396,50012442,50008168,1,2014-05-04,1391
953,2114469016,2014-04-16,0,38650644752,50023797,28,1,2014-08-09,115
954,2186831536,2014-05-19,1,38380559230,50023531,28,1,2014-10-08,142
955,2254611367,2011-10-31,0,38282204077,50023670,28,1,2015-01-30,1187
